[
{
    "model": "catalog.author",
    "pk": 1,
    "fields": {
        "name": "Терри",
        "surname": " Пратчетт",
        "country": " Великобритания"
    }
},
{
    "model": "catalog.author",
    "pk": 2,
    "fields": {
        "name": "Нил",
        "surname": " Гейман",
        "country": " Великобритания"
    }
},
{
    "model": "catalog.author",
    "pk": 3,
    "fields": {
        "name": "Тесс",
        "surname": " Герисен",
        "country": " США"
    }
},
{
    "model": "catalog.author",
    "pk": 4,
    "fields": {
        "name": "Гарсия",
        "surname": " Маркес",
        "country": " Испания"
    }
},
{
    "model": "catalog.author",
    "pk": 5,
    "fields": {
        "name": "Луко",
        "surname": " Дашвар",
        "country": " Украина"
    }
},
{
    "model": "catalog.author",
    "pk": 6,
    "fields": {
        "name": "Данте",
        "surname": " Алижери",
        "country": " Италия"
    }
},
{
    "model": "catalog.author",
    "pk": 7,
    "fields": {
        "name": "Иван",
        "surname": " Левицкий",
        "country": " Украина"
    }
},
{
    "model": "catalog.author",
    "pk": 8,
    "fields": {
        "name": "Стивен",
        "surname": " Кинг",
        "country": " США"
    }
},
{
    "model": "catalog.author",
    "pk": 9,
    "fields": {
        "name": "Харуко",
        "surname": " Мураками",
        "country": " Япония"
    }
},
{
    "model": "catalog.author",
    "pk": 10,
    "fields": {
        "name": "Йохан",
        "surname": " Гете",
        "country": " Германия"
    }
},
{
    "model": "catalog.store",
    "pk": 1,
    "fields": {
        "name": "Staryi Lev",
        "address": "Киев, Арсенальная 3"
    }
},
{
    "model": "catalog.store",
    "pk": 2,
    "fields": {
        "name": "Discworld Emprorium",
        "address": "Киев, Оболонь 14"
    }
},
{
    "model": "catalog.store",
    "pk": 3,
    "fields": {
        "name": "BookYe",
        "address": "Львов, площадь 15"
    }
},
{
    "model": "catalog.store",
    "pk": 4,
    "fields": {
        "name": "Ababalagala",
        "address": "Харьков, Башня пл. 18"
    }
},
{
    "model": "catalog.store",
    "pk": 5,
    "fields": {
        "name": "Yakaboo",
        "address": "Одесса, Морская площадь 21"
    }
},
{
    "model": "catalog.store",
    "pk": 6,
    "fields": {
        "name": "Zakapelok",
        "address": "Кропивницкий, Река 11"
    }
},
{
    "model": "catalog.store",
    "pk": 7,
    "fields": {
        "name": "Berlinskyi",
        "address": "Николаев, Строителей 14"
    }
},
{
    "model": "catalog.store",
    "pk": 8,
    "fields": {
        "name": "Verbova",
        "address": "Херсон, Растишка 5"
    }
},
{
    "model": "catalog.store",
    "pk": 9,
    "fields": {
        "name": "Kudriavska",
        "address": "Чернигов, Нишин 6"
    }
},
{
    "model": "catalog.store",
    "pk": 10,
    "fields": {
        "name": "Arta",
        "address": "Киев, Крещатик 10"
    }
},
{
    "model": "catalog.store",
    "pk": 11,
    "fields": {
        "name": "Bison",
        "address": "Ужгород, Черная 7"
    }
},
{
    "model": "catalog.store",
    "pk": 12,
    "fields": {
        "name": "Knigoo",
        "address": "Запорожье, Лечебная 11"
    }
},
{
    "model": "catalog.store",
    "pk": 13,
    "fields": {
        "name": "Booket",
        "address": "Одесса, прямая 15"
    }
},
{
    "model": "catalog.store",
    "pk": 14,
    "fields": {
        "name": "Charms",
        "address": "Николаев, Речной порт 19"
    }
},
{
    "model": "catalog.store",
    "pk": 15,
    "fields": {
        "name": "Gramota",
        "address": "Львов, Блэктауэр 12"
    }
},
{
    "model": "catalog.store",
    "pk": 16,
    "fields": {
        "name": "Avatar books",
        "address": "Киев, Позняки 13"
    }
},
{
    "model": "catalog.store",
    "pk": 17,
    "fields": {
        "name": "Knigoland",
        "address": "Харьков, Белоусова 20"
    }
},
{
    "model": "catalog.store",
    "pk": 18,
    "fields": {
        "name": "Biblioglobus",
        "address": "Киев, Аллея 12"
    }
},
{
    "model": "catalog.publisher",
    "pk": 1,
    "fields": {
        "name": "Staryi Lev",
        "year": 1996
    }
},
{
    "model": "catalog.publisher",
    "pk": 2,
    "fields": {
        "name": "Emprorium",
        "year": 2015
    }
},
{
    "model": "catalog.publisher",
    "pk": 3,
    "fields": {
        "name": "Bookstore",
        "year": 1997
    }
},
{
    "model": "catalog.publisher",
    "pk": 4,
    "fields": {
        "name": "Knyga",
        "year": 2003
    }
},
{
    "model": "catalog.publisher",
    "pk": 5,
    "fields": {
        "name": "Yakabooooo1",
        "year": 2000
    }
},
{
    "model": "catalog.publisher",
    "pk": 6,
    "fields": {
        "name": "Buklya",
        "year": 1785
    }
},
{
    "model": "catalog.publisher",
    "pk": 7,
    "fields": {
        "name": "ASSA",
        "year": 1967
    }
},
{
    "model": "catalog.publisher",
    "pk": 8,
    "fields": {
        "name": "Astra",
        "year": 1988
    }
},
{
    "model": "catalog.publisher",
    "pk": 9,
    "fields": {
        "name": "Vivat",
        "year": 2004
    }
},
{
    "model": "catalog.publisher",
    "pk": 10,
    "fields": {
        "name": "Komubuk",
        "year": 2013
    }
},
{
    "model": "catalog.publisher",
    "pk": 11,
    "fields": {
        "name": "Nash format",
        "year": 2007
    }
},
{
    "model": "catalog.publisher",
    "pk": 12,
    "fields": {
        "name": "Portal",
        "year": 2008
    }
},
{
    "model": "catalog.publisher",
    "pk": 13,
    "fields": {
        "name": "Piramida",
        "year": 1999
    }
},
{
    "model": "catalog.publisher",
    "pk": 14,
    "fields": {
        "name": "Teza",
        "year": 1999
    }
},
{
    "model": "catalog.publisher",
    "pk": 15,
    "fields": {
        "name": "Choven",
        "year": 2001
    }
},
{
    "model": "catalog.publisher",
    "pk": 16,
    "fields": {
        "name": "Ranok",
        "year": 2006
    }
},
{
    "model": "catalog.publisher",
    "pk": 17,
    "fields": {
        "name": "Osnova",
        "year": 2011
    }
},
{
    "model": "catalog.publisher",
    "pk": 18,
    "fields": {
        "name": "Dnipro",
        "year": 2005
    }
},
{
    "model": "catalog.book",
    "pk": 2,
    "fields": {
        "title": "Лорды и дамы",
        "pages": 450,
        "price": "265.00",
        "author": 1,
        "pubdate": "2022-07-26",
        "publisher": [
            1,
            4,
            11
        ]
    }
},
{
    "model": "catalog.book",
    "pk": 3,
    "fields": {
        "title": "Дрема",
        "pages": 260,
        "price": "235.90",
        "author": 2,
        "pubdate": "2022-07-26",
        "publisher": [
            2,
            5,
            17
        ]
    }
},
{
    "model": "catalog.book",
    "pk": 4,
    "fields": {
        "title": "Хирург",
        "pages": 367,
        "price": "345.75",
        "author": 3,
        "pubdate": "2022-07-26",
        "publisher": [
            3,
            5,
            9,
            18
        ]
    }
},
{
    "model": "catalog.book",
    "pk": 5,
    "fields": {
        "title": "Ассистент",
        "pages": 432,
        "price": "295.60",
        "author": 3,
        "pubdate": "2022-07-26",
        "publisher": [
            2,
            18
        ]
    }
},
{
    "model": "catalog.book",
    "pk": 6,
    "fields": {
        "title": "100 лет одиночества",
        "pages": 278,
        "price": "254.00",
        "author": 4,
        "pubdate": "2022-07-26",
        "publisher": [
            2,
            18
        ]
    }
},
{
    "model": "catalog.book",
    "pk": 7,
    "fields": {
        "title": "Деревня не люди",
        "pages": 398,
        "price": "198.70",
        "author": 5,
        "pubdate": "2022-07-26",
        "publisher": [
            1,
            17
        ]
    }
},
{
    "model": "catalog.book",
    "pk": 8,
    "fields": {
        "title": "Запах мяса",
        "pages": 245,
        "price": "274.20",
        "author": 5,
        "pubdate": "2022-07-26",
        "publisher": [
            3,
            16
        ]
    }
},
{
    "model": "catalog.book",
    "pk": 9,
    "fields": {
        "title": "Божественная комедия",
        "pages": 165,
        "price": "345.90",
        "author": 6,
        "pubdate": "2022-07-26",
        "publisher": [
            3,
            16
        ]
    }
},
{
    "model": "catalog.book",
    "pk": 10,
    "fields": {
        "title": "Семья Кайдашевых",
        "pages": 232,
        "price": "215.90",
        "author": 7,
        "pubdate": "2022-07-26",
        "publisher": [
            3,
            15
        ]
    }
},
{
    "model": "catalog.book",
    "pk": 11,
    "fields": {
        "title": "Это",
        "pages": 789,
        "price": "486.70",
        "author": 8,
        "pubdate": "2022-07-26",
        "publisher": [
            5,
            15
        ]
    }
},
{
    "model": "catalog.book",
    "pk": 12,
    "fields": {
        "title": "Мистер Мерседес",
        "pages": 395,
        "price": "387.40",
        "author": 8,
        "pubdate": "2022-07-26",
        "publisher": [
            3,
            15
        ]
    }
},
{
    "model": "catalog.book",
    "pk": 13,
    "fields": {
        "title": "Темная башня",
        "pages": 275,
        "price": "258.60",
        "author": 8,
        "pubdate": "2022-07-26",
        "publisher": [
            4,
            14
        ]
    }
},
{
    "model": "catalog.book",
    "pk": 14,
    "fields": {
        "title": "Зеленая миля",
        "pages": 420,
        "price": "375.20",
        "author": 8,
        "pubdate": "2022-07-26",
        "publisher": [
            3,
            7,
            10
        ]
    }
},
{
    "model": "catalog.book",
    "pk": 15,
    "fields": {
        "title": "Простой Эконом",
        "pages": 249,
        "price": "453.10",
        "author": 9,
        "pubdate": "2022-07-26",
        "publisher": [
            2
        ]
    }
},
{
    "model": "catalog.book",
    "pk": 16,
    "fields": {
        "title": "Теорема и жизнь",
        "pages": 310,
        "price": "298.50",
        "author": 9,
        "pubdate": "2022-07-26",
        "publisher": [
            1,
            11,
            13
        ]
    }
},
{
    "model": "catalog.book",
    "pk": 17,
    "fields": {
        "title": "Фауст",
        "pages": 327,
        "price": "329.80",
        "author": 10,
        "pubdate": "2022-07-26",
        "publisher": [
            1,
            12
        ]
    }
},
{
    "model": "catalog.book",
    "pk": 18,
    "fields": {
        "title": "Добрые знамения",
        "pages": 346,
        "price": "489.20",
        "author": 2,
        "pubdate": "2022-07-26",
        "publisher": [
            5,
            11,
            12
        ]
    }
},
{
    "model": "catalog.book",
    "pk": 19,
    "fields": {
        "title": "Никогда",
        "pages": 346,
        "price": "235.80",
        "author": 2,
        "pubdate": "2022-07-26",
        "publisher": [
            2,
            13
        ]
    }
},
{
    "model": "catalog.book",
    "pk": 20,
    "fields": {
        "title": "Книга смерти",
        "pages": 146,
        "price": "256.30",
        "author": 2,
        "pubdate": "2022-07-26",
        "publisher": [
            4
        ]
    }
},
{
    "model": "catalog.book",
    "pk": 21,
    "fields": {
        "title": "Проклятие монахини",
        "pages": 285,
        "price": "378.10",
        "author": 3,
        "pubdate": "2022-07-26",
        "publisher": [
            3,
            6
        ]
    }
},
{
    "model": "catalog.book",
    "pk": 22,
    "fields": {
        "title": "Морт",
        "pages": 451,
        "price": "374.10",
        "author": 1,
        "pubdate": "2022-07-26",
        "publisher": [
            1
        ]
    }
},
{
    "model": "catalog.book",
    "pk": 23,
    "fields": {
        "title": "Carpe jugulum",
        "pages": 364,
        "price": "478.80",
        "author": 1,
        "pubdate": "2022-07-26",
        "publisher": [
            5,
            6,
            14
        ]
    }
},
{
    "model": "catalog.book",
    "pk": 24,
    "fields": {
        "title": "Вирд систем",
        "pages": 489,
        "price": "284.50",
        "author": 1,
        "pubdate": "2022-07-26",
        "publisher": [
            3,
            5,
            7
        ]
    }
},
{
    "model": "catalog.book",
    "pk": 25,
    "fields": {
        "title": "Ведьмы за границей",
        "pages": 543,
        "price": "312.54",
        "author": 1,
        "pubdate": "2022-07-26",
        "publisher": [
            4,
            15
        ]
    }
},
{
    "model": "catalog.book",
    "pk": 26,
    "fields": {
        "title": "Маскарад",
        "pages": 319,
        "price": "245.89",
        "author": 1,
        "pubdate": "2022-07-26",
        "publisher": [
            2,
            8
        ]
    }
},
{
    "model": "catalog.book",
    "pk": 27,
    "fields": {
        "title": "Интересное время",
        "pages": 348,
        "price": "315.79",
        "author": 1,
        "pubdate": "2022-07-26",
        "publisher": [
            3,
            16
        ]
    }
},
{
    "model": "catalog.book",
    "pk": 28,
    "fields": {
        "title": "Последний герой",
        "pages": 412,
        "price": "546.80",
        "author": 1,
        "pubdate": "2022-07-26",
        "publisher": [
            1,
            17
        ]
    }
},
{
    "model": "catalog.book",
    "pk": 29,
    "fields": {
        "title": "нация",
        "pages": 439,
        "price": "476.10",
        "author": 1,
        "pubdate": "2022-07-26",
        "publisher": [
            2
        ]
    }
},
{
    "model": "catalog.book",
    "pk": 30,
    "fields": {
        "title": "Охранник! Охранник!",
        "pages": 576,
        "price": "517.40",
        "author": 1,
        "pubdate": "2022-07-26",
        "publisher": [
            2,
            4,
            8
        ]
    }
},
{
    "model": "catalog.book",
    "pk": 31,
    "fields": {
        "title": "Theaph времени",
        "pages": 419,
        "price": "431.56",
        "author": 1,
        "pubdate": "2022-07-26",
        "publisher": [
            1
        ]
    }
},
{
    "model": "catalog.book",
    "pk": 32,
    "fields": {
        "title": "нюхательный табак",
        "pages": 319,
        "price": "214.74",
        "author": 1,
        "pubdate": "2022-07-26",
        "publisher": [
            5,
            10
        ]
    }
},
{
    "model": "catalog.book",
    "pk": 33,
    "fields": {
        "title": "Правда",
        "pages": 436,
        "price": "213.70",
        "author": 1,
        "pubdate": "2022-07-26",
        "publisher": [
            3
        ]
    }
},
{
    "model": "catalog.book",
    "pk": 34,
    "fields": {
        "title": "Движущиеся картинки",
        "pages": 348,
        "price": "214.70",
        "author": 1,
        "pubdate": "2022-07-26",
        "publisher": [
            2,
            3,
            9
        ]
    }
},
{
    "model": "catalog.book",
    "pk": 35,
    "fields": {
        "title": "Сделать пропаривание",
        "pages": 417,
        "price": "345.70",
        "author": 1,
        "pubdate": "2022-07-26",
        "publisher": [
            5
        ]
    }
}
]
